https://www.xiachufang.com/category/1304/,www.xiachufang.com,CN,北京市
https://www.meishichina.com/YuanLiao/WuHuaRou/,www.meishichina.com,CN,山东省
http://www.sdlxpr.com/,www.sdlxpr.com,CN,山东省
https://www.zhihu.com/topic/19554161,www.zhihu.com,CN,湖北省
https://www.xiachufang.com/recipe/39989/,www.xiachufang.com,CN,北京市
https://www.meishij.net/zuofa/huiguorou_43.html,www.meishij.net,CN,北京市
http://www.jyyrtd.com/jjc-zr/989.html,www.jyyrtd.com,CN,广东
https://m.sohu.com/n/490319821/?wscrid=95360_8,m.sohu.com,CN,北京市
https://www.zhihu.com/question/29368507,www.zhihu.com,CN,湖北省
http://139.198.161.40/,139.198.161.40,CN,北京市
http://139.198.161.41/,139.198.161.41,CN,北京市
139.198.161.41,139.198.161.41,CN,北京市
http://139.198.161.41,139.198.161.41,CN,北京市
139.198.161.41/,139.198.161.41,CN,北京市
183.160.113.1,183.160.113.1,CN,安徽
183.160.113.2,183.160.113.2,CN,安徽
183.160.113.3,183.160.113.3,CN,安徽
183.160.113.4,183.160.113.4,CN,安徽
183.160.113.4,183.160.113.4,CN,安徽
183.160.113.55,183.160.113.55,CN,安徽
183.160.113.49/sssssssdddd/sdsdaafadf,183.160.113.49,CN,安徽
183.160.113.43,183.160.113.43,CN,安徽
